{
    "GEOC3038": {
        "Nombre": "ESTRAT Y SEDIMENTOLOG (INGL\u00c9S)",
        "Creditos": "3",
        "RestriccionSemestre": "No tiene restricciones",
        "RestriccionPrograma": "No tiene restricciones",
        "RestriccionNivel": "No tiene restricciones",
        "Prerrequisitos": [
            [
                "GEOC2040",
                "GEOC1057"
            ],
            [
                "GEOC2048",
                "GEOC1048"
            ],
            []
        ],
        "Correquisitos": [
            [],
            [
                "GEOC3039*"
            ]
        ]
    }
}