{
    "FISI1028": {
        "Nombre": "FISICA II",
        "Creditos": "3",
        "RestriccionSemestre": "No tiene",
        "RestriccionPrograma": "No tiene",
        "RestriccionNivel": "SOLO PR",
        "Prerrequisitos": [
            [
                "MATE111B",
                "MATE111",
                "MATE109",
                "MATE109B",
                "MATE110",
                "MATE1203",
                "MATE1203B",
                "MATE1202",
                "MATE1202B",
                "MATE1204",
                "MATE1204B"
            ],
            [
                "FISI1018",
                "FISI1018B",
                "FISI125",
                "FISI126",
                "FISI1020"
            ],
            [
                "MATE120",
                "MATE112",
                "MATE1215*"
            ],
            [
                "MATE114*"
            ]
        ],
        "Correquisitos": [
            [],
            [
                "MATE1205*",
                "MATE1206*",
                "MATE1214*"
            ],
            [
                "MATE1108*",
                "MATE1109*",
                "MATE1105*",
                "MATE115*",
                "MATE1106*",
                "MATE118*",
                "MATE1207*",
                "MATE1208*",
                "MATE130*"
            ]
        ]
    }
}