{
    "FISI1003": {
        "Nombre": "COLOQUIO 1 DE FISICA",
        "Creditos": "1",
        "RestriccionSemestre": "No tiene",
        "RestriccionPrograma": "No tiene",
        "RestriccionNivel": "SOLO PR",
        "Prerrequisitos": [
            [
                "FISI1028",
                "FISI136",
                "FISI1030",
                "FISI135"
            ],
            [
                "LENG2999"
            ]
        ],
        "Correquisitos": [
            []
        ]
    }
}