{
    "IBIO3270": {
        "Nombre": "DISE\u00d1O DE EXP. Y BIOESTAD\u00cdSTIC",
        "Creditos": "3",
        "RestriccionSemestre": "No tiene restricciones",
        "RestriccionPrograma": "No tiene restricciones",
        "RestriccionNivel": "No tiene restricciones",
        "Prerrequisitos": [
            [
                "IIND2106",
                "MATE2510"
            ],
            [
                "MATE3520"
            ],
            [],
            [
                "MBIO1100"
            ],
            [
                "QUIM1301",
                "QUIM1303",
                "QUIM1105",
                "QUIM1310"
            ],
            [
                "QUIM1311"
            ],
            [
                "IELE1010",
                "FISI1860",
                "IELE1002"
            ],
            [
                "IELE3206"
            ],
            [
                "MATE1207",
                "MATE1208"
            ],
            [
                "IBIO2240",
                "FISI2028",
                "MATE112",
                "MATE1205",
                "MATE120",
                "MATE1206",
                "MATE1214",
                "MATE1215"
            ],
            [
                "MATE2230"
            ],
            [
                "IELE3006"
            ],
            [
                "DERE1300"
            ],
            [
                "LENG1501",
                "LITE1611",
                "HUMA1300",
                "ESPA2999"
            ],
            [
                "FISI1029",
                "FISI1023"
            ],
            [
                "FISI1028",
                "FISI1022"
            ],
            [
                "IBIO2240",
                "MATE112",
                "MATE1205",
                "MATE120",
                "MATE1206",
                "MATE1214",
                "MATE1215"
            ],
            [
                "MATE2230"
            ],
            [
                "IELE3006",
                "FISI2026"
            ]
        ],
        "Correquisitos": [
            [
                "IBIO3271*"
            ],
            [],
            [],
            [],
            [],
            [],
            [],
            [],
            [],
            []
        ]
    }
}