{
    "FILO2130": {
        "Nombre": "NIETZSCHE",
        "Creditos": "3",
        "RestriccionSemestre": "No tiene restricciones",
        "RestriccionPrograma": "No tiene restricciones",
        "RestriccionNivel": "No tiene restricciones",
        "Prerrequisitos": [
            [
                "FILO150B",
                "FILO325B",
                "FILO1130B",
                "FILO1140B",
                "FILO114B",
                "FILO1120B",
                "FILO150",
                "FILO1130",
                "FILO325",
                "FILO114",
                "FILO1120"
            ]
        ],
        "Correquisitos": []
    }
}