{
    "IBIO3801": {
        "Nombre": "FUNDAMENTOS INGENIERIA CLINICA",
        "Creditos": "3",
        "RestriccionSemestre": "No tiene restricciones",
        "RestriccionPrograma": "No tiene restricciones",
        "RestriccionNivel": "No tiene restricciones",
        "Prerrequisitos": [
            [
                "MATE1207",
                "MATE1208",
                "MATE1257"
            ],
            [
                "MBIO1100"
            ],
            [
                "QUIM1301",
                "QUIM1303",
                "QUIM1105"
            ],
            [
                "ISIS1204",
                "ISIS1207"
            ],
            [
                "IELE1010",
                "FISI1860"
            ],
            [
                "MEDI1211",
                "IBIO2100",
                "MEDI1306",
                "IBIO2102"
            ],
            [
                "DERE1300"
            ],
            [
                "LENG2999"
            ],
            [
                "LENG1501",
                "LITE1611",
                "ESPA2999",
                "HUMA1300"
            ],
            [
                "FISI1029",
                "FISI1023"
            ],
            [
                "FISI1028",
                "FISI1022"
            ]
        ],
        "Correquisitos": [
            [],
            [],
            [],
            [],
            []
        ]
    }
}