{
    "IBIO3260": {
        "Nombre": "MODELADO Y SIMULACI\u00d3N SIST BIO",
        "Creditos": "3",
        "RestriccionSemestre": "No tiene restricciones",
        "RestriccionPrograma": "No tiene restricciones",
        "RestriccionNivel": "No tiene restricciones",
        "Prerrequisitos": [
            [
                "MATE1207",
                "MATE1208",
                "MATE1257"
            ],
            [
                "MBIO1100"
            ],
            [
                "QUIM1301",
                "QUIM1303",
                "QUIM1105",
                "QUIM1310"
            ],
            [
                "QUIM1311"
            ],
            [
                "ISIS1204",
                "ISIS1207"
            ],
            [
                "IELE1010",
                "FISI1860",
                "IELE1002"
            ],
            [
                "IELE3206"
            ],
            [
                "MEDI1211",
                "IBIO2100",
                "MEDI1306",
                "IBIO2102"
            ],
            [
                "DERE1300"
            ],
            [
                "LENG1501",
                "LITE1611",
                "ESPA2999",
                "HUMA1300"
            ],
            [
                "FISI1029",
                "FISI1023"
            ],
            [
                "FISI1028",
                "FISI1022"
            ],
            [
                "IBIO2250",
                "IQUI2102"
            ],
            [
                "IBIO2240",
                "MATE112",
                "MATE1205",
                "MATE120",
                "MATE1206",
                "MATE1214",
                "MATE1215"
            ],
            [
                "MATE2230"
            ],
            [
                "IELE3006",
                "FISI2026"
            ],
            [
                "LENG2999"
            ]
        ],
        "Correquisitos": [
            [],
            [],
            [],
            [],
            [],
            [],
            [],
            []
        ]
    }
}