{
    "FILO6971": {
        "Nombre": "TUTORIAL DE PROYECTO 3",
        "Creditos": "4",
        "RestriccionSemestre": "No tiene restricciones",
        "RestriccionPrograma": "No tiene restricciones",
        "RestriccionNivel": "No tiene restricciones",
        "Prerrequisitos": [
            [
                "FILO6002",
                "FILO6970"
            ],
            [
                "FILO6001",
                "FILO6961"
            ]
        ],
        "Correquisitos": [
            []
        ]
    }
}