{
    "GEOC3068": {
        "Nombre": "SENS REMOT SIG Y GPS  (INGL\u00c9S)",
        "Creditos": "3",
        "RestriccionSemestre": "No tiene restricciones",
        "RestriccionPrograma": "No tiene restricciones",
        "RestriccionNivel": "No tiene restricciones",
        "Prerrequisitos": [
            [
                "GEOC2430",
                "GEOC3018"
            ],
            []
        ],
        "Correquisitos": [
            [
                "GEOC3069*"
            ]
        ]
    }
}