{
    "GEOC3057": {
        "Nombre": "GEODIN\u00c1MICA  (INGL\u00c9S)",
        "Creditos": "3",
        "RestriccionSemestre": "No tiene restricciones",
        "RestriccionPrograma": "No tiene restricciones",
        "RestriccionNivel": "No tiene restricciones",
        "Prerrequisitos": [
            [
                "FISI2025",
                "FISI2028"
            ],
            [
                "GEOC2057"
            ]
        ],
        "Correquisitos": [
            []
        ]
    }
}