{
    "FISI1029": {
        "Nombre": "FISICA EXPERIMENTAL II",
        "Creditos": "1",
        "RestriccionSemestre": "No tiene",
        "RestriccionPrograma": "No tiene",
        "RestriccionNivel": "SOLO PR",
        "Prerrequisitos": [
            [
                "FISI1019",
                "FISI1011",
                "FISI118",
                "FISI118B"
            ],
            [
                "FISI1030",
                "FISI136",
                "FISI135"
            ]
        ],
        "Correquisitos": [
            [
                "FISI1028*"
            ]
        ]
    }
}