{
    "GEOC3048": {
        "Nombre": "S\u00cdSMICA Y SISMOLOG\u00cdA  (INGL\u00c9S)",
        "Creditos": "3",
        "RestriccionSemestre": "No tiene restricciones",
        "RestriccionPrograma": "No tiene restricciones",
        "RestriccionNivel": "No tiene restricciones",
        "Prerrequisitos": [
            [
                "GEOC1022"
            ],
            [
                "FISI2007"
            ],
            [
                "FISI1038"
            ],
            [],
            [
                "ICYA2001"
            ]
        ],
        "Correquisitos": [
            [],
            [
                "GEOC3049*"
            ],
            [
                "FISI2028*"
            ]
        ]
    }
}