{
    "IBIO2650": {
        "Nombre": "BIOMATERIALES",
        "Creditos": "3",
        "RestriccionSemestre": "No tiene restricciones",
        "RestriccionPrograma": "No tiene restricciones",
        "RestriccionNivel": "No tiene restricciones",
        "Prerrequisitos": [
            [
                "MEDI1211",
                "IBIO2100",
                "IBIO2102",
                "MEDI1306"
            ],
            [
                "QUIM1301",
                "QUIM1303",
                "QUIM1105",
                "QUIM1310"
            ]
        ],
        "Correquisitos": [
            []
        ]
    }
}