{
    "FISI2432": {
        "Nombre": "ELECTROMAGNETISMO 1 (INGLES)",
        "Creditos": "3",
        "RestriccionSemestre": "No tiene restricciones",
        "RestriccionPrograma": "No tiene restricciones",
        "RestriccionNivel": "No tiene restricciones",
        "Prerrequisitos": [
            [
                "MATE2301",
                "MATE2302"
            ],
            []
        ],
        "Correquisitos": [
            [
                "FISI2007*"
            ]
        ]
    }
}