{
    "FISI4051": {
        "Nombre": "LABORATORIO AVANZADO",
        "Creditos": "4",
        "RestriccionSemestre": "No tiene",
        "RestriccionPrograma": "SOLO D-FISI FISI M-CFIS M-FISI",
        "RestriccionNivel": "No tiene",
        "Prerrequisitos": [
            [
                "FISI259",
                "FISI2051"
            ],
            [
                "FISI3010*"
            ]
        ],
        "Correquisitos": [
            [
                "FISI330*"
            ]
        ]
    }
}