{
    "EGOB3116": {
        "Nombre": "ANALISIS POLITICAS PUBLICAS",
        "Creditos": "3",
        "RestriccionSemestre": "No tiene restricciones",
        "RestriccionPrograma": "No tiene restricciones",
        "RestriccionNivel": "No tiene restricciones",
        "Prerrequisitos": [
            [
                "ECON2107"
            ],
            [
                "EGOB2101",
                "ECON2301"
            ]
        ],
        "Correquisitos": [
            []
        ]
    }
}