{
    "EGOB4201": {
        "Nombre": "EVALUACION DE POLITICAS PUBL.",
        "Creditos": "4",
        "RestriccionSemestre": "No tiene",
        "RestriccionPrograma": "SOLO M-GOBI M-PPUB M-SPUB",
        "RestriccionNivel": "SOLO MA",
        "Prerrequisitos": [
            [
                "EGOB4104",
                "MADM4005",
                "MATE1505",
                "IIND4100",
                "ECON2302",
                "ECON2301",
                "ECON4301",
                "MATE1501",
                "MATE1203"
            ]
        ],
        "Correquisitos": []
    }
}