{
    "IBIO3870": {
        "Nombre": "PROYECTO DE DISE\u00d1O 2",
        "Creditos": "3",
        "RestriccionSemestre": "No tiene restricciones",
        "RestriccionPrograma": "No tiene restricciones",
        "RestriccionNivel": "No tiene restricciones",
        "Prerrequisitos": [
            [
                "IBIO2780",
                "IBIO2570",
                "IBIO3680"
            ],
            [
                "IIND2401"
            ],
            [
                "IIND2106",
                "MATE2510"
            ],
            [
                "MATE3520"
            ],
            [
                "IBIO2650"
            ],
            [
                "IBIO2250",
                "IQUI2102"
            ],
            [
                "IBIO2240"
            ],
            [
                "MBIO2102"
            ],
            [
                "MBIO2103"
            ],
            [
                "MBIO2100"
            ],
            [
                "MBIO2101"
            ]
        ],
        "Correquisitos": [
            [],
            [],
            [],
            [],
            []
        ]
    }
}