{
    "ADMI2205": {
        "Nombre": "FINANZAS 3: ESTRATEGIA",
        "Creditos": "3",
        "RestriccionSemestre": "No tiene",
        "RestriccionPrograma": "SOLO ADMI",
        "RestriccionNivel": "No tiene",
        "Prerrequisitos": [
            [
                "ADMI1203",
                "ADMI113",
                "CONT1412",
                "CONT1413"
            ],
            [
                "ADMI2204",
                "ADMI220",
                "IIND2401"
            ],
            [
                "MATE1505",
                "IIND2106",
                "IIND202",
                "MATE2506",
                "MATE156",
                "IIND212",
                "ECON2302",
                "IIND2101",
                "IIND2100",
                "MATE1252"
            ]
        ],
        "Correquisitos": [
            []
        ]
    }
}