{
    "FISI1022": {
        "Nombre": "FISICA BASICA 2",
        "Creditos": "3",
        "RestriccionSemestre": "No tiene",
        "RestriccionPrograma": "No tiene",
        "RestriccionNivel": "SOLO PR",
        "Prerrequisitos": [
            [
                "FISI161",
                "FISI1012"
            ],
            [
                "MATE1212",
                "MATE1203",
                "MATE1204",
                "MATE1204B",
                "MATE1202",
                "MATE1202B",
                "MATE1203B",
                "MATE111B",
                "MATE109",
                "MATE109B",
                "MATE110",
                "MATE111"
            ]
        ],
        "Correquisitos": [
            []
        ]
    }
}