{
    "GEOC2029": {
        "Nombre": "LAB MINER. FORMADORES DE ROCAS",
        "Creditos": "1",
        "RestriccionSemestre": "No tiene restricciones",
        "RestriccionPrograma": "No tiene restricciones",
        "RestriccionNivel": "No tiene restricciones",
        "Prerrequisitos": [
            [
                "GEOC1023"
            ],
            [
                "QUIM1101",
                "QUIM1103"
            ],
            []
        ],
        "Correquisitos": [
            [],
            [
                "GEOC2028*"
            ]
        ]
    }
}