{
    "EGOB4111": {
        "Nombre": "ANALISIS DE PROBLEMAS COLOMBIA",
        "Creditos": "4",
        "RestriccionSemestre": "No tiene",
        "RestriccionPrograma": "SOLO M-GOBI M-PPUB",
        "RestriccionNivel": "No tiene",
        "Prerrequisitos": [
            [
                "EGOB4105"
            ],
            [
                "EGOB4109",
                "ECON2301"
            ],
            [
                "ECON2102",
                "EGOB2101"
            ],
            [
                "EGOB2105"
            ],
            [
                "ECON2101"
            ]
        ],
        "Correquisitos": [
            [],
            []
        ]
    }
}