{
    "EDUI4207": {
        "Nombre": "PROYECTO TRANSFORM PEDAGOG 2",
        "Creditos": "6",
        "RestriccionSemestre": "No tiene",
        "RestriccionPrograma": "SOLO M-EDIB",
        "RestriccionNivel": "SOLO MA",
        "Prerrequisitos": [
            [
                "EDUI4017"
            ],
            [
                "EDUI4025"
            ],
            [
                "EDUI4206"
            ]
        ],
        "Correquisitos": [
            []
        ]
    }
}