{
    "FISI3098": {
        "Nombre": "MONOGRAFIA",
        "Creditos": "3",
        "RestriccionSemestre": "No tiene",
        "RestriccionPrograma": "SOLO FISI",
        "RestriccionNivel": "SOLO PR",
        "Prerrequisitos": [
            [
                "LENG3999"
            ],
            [
                "FISI3701",
                "FISI3801",
                "FISI3901",
                "FISI3902",
                "FISI3011",
                "FISI3100",
                "FISI3401",
                "FISI3101",
                "FISI3013"
            ]
        ],
        "Correquisitos": [
            []
        ]
    }
}