{
    "IBIO2240": {
        "Nombre": "PROGRAMACION CIENTIFICA",
        "Creditos": "3",
        "RestriccionSemestre": "No tiene restricciones",
        "RestriccionPrograma": "No tiene restricciones",
        "RestriccionNivel": "No tiene restricciones",
        "Prerrequisitos": [
            [
                "ISIS1204",
                "ISIS1207"
            ],
            [
                "MATE112",
                "MATE1205",
                "MATE120",
                "MATE1206",
                "MATE1214",
                "MATE1215"
            ],
            [
                "MATE1105",
                "MATE1106"
            ]
        ],
        "Correquisitos": [
            []
        ]
    }
}