{
    "EGOB4112": {
        "Nombre": "PROYECTO DE GRADO I",
        "Creditos": "3",
        "RestriccionSemestre": "No tiene",
        "RestriccionPrograma": "SOLO M-GOBI M-PPUB",
        "RestriccionNivel": "No tiene",
        "Prerrequisitos": [
            [
                "EGOB4105"
            ],
            [
                "EGOB4106"
            ],
            [
                "EGOB4104"
            ],
            [
                "EGOB4103"
            ],
            [
                "EGOB4109"
            ],
            [
                "EGOB4117"
            ]
        ],
        "Correquisitos": [
            [],
            [],
            []
        ]
    }
}