{
    "EDUC3201": {
        "Nombre": "PR\u00c1CTICA PROFESIONAL 1",
        "Creditos": "10",
        "RestriccionSemestre": "No tiene",
        "RestriccionPrograma": "SOLO LART LCNA LCSO LEDI LHUM LLEN LMAT",
        "RestriccionNivel": "SOLO PR",
        "Prerrequisitos": [
            [
                "EDUC2201"
            ],
            [
                "EDUC2202"
            ],
            [
                "EDUC2203"
            ]
        ],
        "Correquisitos": [
            []
        ]
    }
}