{
    "FISI1018": {
        "Nombre": "FISICA I",
        "Creditos": "3",
        "RestriccionSemestre": "No tiene",
        "RestriccionPrograma": "No tiene",
        "RestriccionNivel": "SOLO PR",
        "Prerrequisitos": [
            [
                "MATE1203B",
                "MATE1202B",
                "MATE1202",
                "MATE1204B",
                "MATE111",
                "MATE111B",
                "MATE109",
                "MATE109B",
                "MATE110"
            ]
        ],
        "Correquisitos": [
            [
                "MATE1203*",
                "MATE1204*"
            ]
        ]
    }
}