{
    "ARQU1121": {
        "Nombre": "TALLER DE COMPOSICION 2",
        "Creditos": "3",
        "RestriccionSemestre": "No tiene",
        "RestriccionPrograma": "SOLO ARQU EDIR",
        "RestriccionNivel": "SOLO PR",
        "Prerrequisitos": [
            [
                "ARQU1111",
                "ARQU1110",
                "ARQU1101"
            ],
            [
                "ARQU1503"
            ],
            [
                "DISE1000"
            ],
            [
                "LITE1611*"
            ]
        ],
        "Correquisitos": [
            [],
            [
                "LENG1501*"
            ]
        ]
    }
}