{
    "FISI4802": {
        "Nombre": "SEMINARIO 2 DE BIOFISICA",
        "Creditos": "3",
        "RestriccionSemestre": "No tiene",
        "RestriccionPrograma": "SOLO M-CFIS M-FISI",
        "RestriccionNivel": "SOLO MA",
        "Prerrequisitos": [
            [
                "FISI4101",
                "FISI4701",
                "FISI4901",
                "FISI4801",
                "FISI4601",
                "FISI4011",
                "FISI4401",
                "FISI4013"
            ]
        ],
        "Correquisitos": []
    }
}