{
    "GEOC2018": {
        "Nombre": "GEOQU\u00cdMICA",
        "Creditos": "3",
        "RestriccionSemestre": "No tiene restricciones",
        "RestriccionPrograma": "No tiene restricciones",
        "RestriccionNivel": "No tiene restricciones",
        "Prerrequisitos": [
            [
                "GEOC1022"
            ],
            [
                "QUIM1103",
                "QUIM1101"
            ],
            [
                "QUIM1102"
            ],
            []
        ],
        "Correquisitos": [
            [],
            [
                "FISI1028*"
            ]
        ]
    }
}