{
    "GEOC2057": {
        "Nombre": "MECANICA DEL CONTINUO (INGL\u00c9S)",
        "Creditos": "3",
        "RestriccionSemestre": "No tiene restricciones",
        "RestriccionPrograma": "No tiene restricciones",
        "RestriccionNivel": "No tiene restricciones",
        "Prerrequisitos": [
            [
                "GEOC1057",
                "GEOC2040"
            ],
            [
                "MATE2301",
                "MATE2302"
            ]
        ],
        "Correquisitos": [
            []
        ]
    }
}