{
    "IBIO3160": {
        "Nombre": "BIOMECANICA",
        "Creditos": "3",
        "RestriccionSemestre": "No tiene restricciones",
        "RestriccionPrograma": "No tiene restricciones",
        "RestriccionNivel": "No tiene restricciones",
        "Prerrequisitos": [
            [
                "MATE1207",
                "MATE1257",
                "MATE1208"
            ],
            [
                "MBIO1100"
            ],
            [
                "QUIM1301",
                "QUIM1303",
                "QUIM1105",
                "QUIM1310"
            ],
            [
                "QUIM1311"
            ],
            [
                "ISIS1204"
            ],
            [
                "IELE1010",
                "IELE1002"
            ],
            [
                "IELE3206",
                "FISI1860"
            ],
            [
                "MEDI1211",
                "MEDI1306",
                "IBIO2100",
                "IBIO2102"
            ],
            [
                "DERE1300"
            ],
            [],
            [
                "LENG1501",
                "LITE1611",
                "HUMA1300",
                "ESPA2999"
            ],
            [
                "FISI1029",
                "FISI1023"
            ],
            [
                "FISI1028",
                "FISI1022"
            ],
            [
                "IBIO2240",
                "MATE112",
                "MATE1205",
                "MATE120",
                "MATE1206",
                "MATE1214",
                "MATE1215"
            ],
            [
                "MATE2230"
            ],
            [
                "IELE3006",
                "FISI2026"
            ],
            []
        ],
        "Correquisitos": [
            [],
            [
                "LENG2999*"
            ],
            [],
            [],
            [],
            [],
            [],
            [],
            [
                "IBIO3161*"
            ]
        ]
    }
}