{
    "FISI3010": {
        "Nombre": "MECANICA CUANTICA I",
        "Creditos": "3",
        "RestriccionSemestre": "No tiene",
        "RestriccionPrograma": "SOLO D-FISI FISI M-CFIS M-FISI",
        "RestriccionNivel": "No tiene",
        "Prerrequisitos": [
            [
                "FISI1048"
            ],
            [
                "FISI2405"
            ],
            [
                "FISI2430",
                "FISI2432"
            ],
            []
        ],
        "Correquisitos": [
            [],
            [
                "MATE1107*"
            ]
        ]
    }
}