{
    "IBIO3680": {
        "Nombre": "PROYECTO DE DISE\u00d1O 1",
        "Creditos": "3",
        "RestriccionSemestre": "No tiene restricciones",
        "RestriccionPrograma": "No tiene restricciones",
        "RestriccionNivel": "No tiene restricciones",
        "Prerrequisitos": [
            [
                "IBIO1010",
                "IBIO1000",
                "IBIO1100",
                "ICYA1113",
                "ICYA1114",
                "IELE1000",
                "IIND1000",
                "IMEC1000",
                "IQUI1001",
                "ISIS1001"
            ],
            [
                "MATE1207",
                "MATE1257",
                "MATE1208"
            ],
            [
                "MBIO1100"
            ],
            [
                "QUIM1301",
                "QUIM1303",
                "QUIM1105",
                "QUIM1310"
            ],
            [
                "QUIM1311"
            ],
            [
                "HUMA1300*"
            ],
            [
                "ISIS1204"
            ],
            [
                "IELE1010",
                "FISI1860",
                "IELE1002"
            ],
            [
                "IELE3206"
            ],
            [
                "MEDI1211",
                "IBIO2100",
                "IBIO2102",
                "MEDI1306"
            ],
            [
                "DERE1300"
            ],
            [
                "LENG2999"
            ],
            [
                "FISI1029",
                "FISI1023"
            ],
            [
                "FISI1028",
                "FISI1022"
            ],
            []
        ],
        "Correquisitos": [
            [
                "LENG1501*",
                "LITE1611*",
                "ESPA2999*"
            ],
            [],
            [],
            [],
            [],
            [],
            [],
            [
                "DISE1000*"
            ]
        ]
    }
}