{
    "FISI4098": {
        "Nombre": "TRABAJO DE GRADO (1)",
        "Creditos": "5",
        "RestriccionSemestre": "No tiene",
        "RestriccionPrograma": "SOLO M-CFIS M-FISI",
        "RestriccionNivel": "SOLO MA",
        "Prerrequisitos": [
            [
                "FISI4101",
                "FISI4701",
                "FISI4901",
                "FISI4801",
                "FISI4601",
                "FISI4011",
                "FISI4401",
                "FISI4013"
            ],
            [
                "LENG4999"
            ]
        ],
        "Correquisitos": [
            []
        ]
    }
}