{
    "HIST6990": {
        "Nombre": "SUSTENTACI\u00d3N DE TESIS",
        "Creditos": "0",
        "RestriccionSemestre": "No tiene",
        "RestriccionPrograma": "SOLO D-HIST",
        "RestriccionNivel": "SOLO DO",
        "Prerrequisitos": [
            [
                "HIST6971"
            ],
            [
                "HIST6972"
            ],
            [
                "HIST6973"
            ],
            [
                "HIST6974"
            ],
            [
                "HIST6983"
            ],
            [
                "HIST6984"
            ],
            [
                "HIST6985"
            ],
            [
                "HIST6980"
            ],
            [
                "HIST6981"
            ],
            [
                "HIST6982"
            ],
            [
                "HIST6970"
            ],
            [
                "HIST6008"
            ]
        ],
        "Correquisitos": [
            [],
            [],
            [],
            [],
            [],
            []
        ]
    }
}