{
    "GEOC3049": {
        "Nombre": "LAB. S\u00cdSMICA Y SISMOLOG\u00cdA",
        "Creditos": "0",
        "RestriccionSemestre": "No tiene restricciones",
        "RestriccionPrograma": "No tiene restricciones",
        "RestriccionNivel": "No tiene restricciones",
        "Prerrequisitos": [
            [],
            []
        ],
        "Correquisitos": [
            [
                "GEOC3048*"
            ],
            [
                "FISI2029*"
            ]
        ]
    }
}