{
    "FISI3811": {
        "Nombre": "NANOMATERIALES AVANZADOS",
        "Creditos": "3",
        "RestriccionSemestre": "No tiene",
        "RestriccionPrograma": "No tiene",
        "RestriccionNivel": "SOLO PR",
        "Prerrequisitos": [
            [
                "FISI3010"
            ],
            [
                "FISI2040"
            ],
            [
                "FISI2432"
            ]
        ],
        "Correquisitos": [
            []
        ]
    }
}