{
    "IBIO4701": {
        "Nombre": "PROYECTO DE INVESTIGACI\u00d3N",
        "Creditos": "4",
        "RestriccionSemestre": "No tiene",
        "RestriccionPrograma": "No tiene",
        "RestriccionNivel": "SOLO MA",
        "Prerrequisitos": [
            [
                "IBIO2780",
                "IBIO2570"
            ],
            [
                "IIND2401"
            ],
            [
                "IIND2106",
                "MATE2510"
            ],
            [
                "MATE3520"
            ],
            [
                "IBIO2650"
            ],
            [
                "IBIO2250",
                "IQUI2102"
            ],
            [
                "IBIO2240"
            ],
            [
                "MBIO2102"
            ],
            [
                "MBIO2103"
            ],
            [
                "MBIO2100"
            ],
            [
                "MBIO2101"
            ]
        ],
        "Correquisitos": [
            [],
            [],
            [],
            [],
            []
        ]
    }
}