{
    "GEOC3140": {
        "Nombre": "DATA ANALYSIS GEOSC. (INGL\u00c9S)",
        "Creditos": "3",
        "RestriccionSemestre": "No tiene restricciones",
        "RestriccionPrograma": "No tiene restricciones",
        "RestriccionNivel": "No tiene restricciones",
        "Prerrequisitos": [
            [
                "FISI1038"
            ],
            [
                "GEOC1022"
            ],
            [
                "FISI2007"
            ],
            [
                "ICYA2001"
            ],
            []
        ],
        "Correquisitos": [
            [],
            [],
            [
                "FISI2028*"
            ]
        ]
    }
}