{
    "GEOC3039": {
        "Nombre": "LAB ESTRATIGR. Y SEDIMENTOLOG.",
        "Creditos": "1",
        "RestriccionSemestre": "No tiene restricciones",
        "RestriccionPrograma": "No tiene restricciones",
        "RestriccionNivel": "No tiene restricciones",
        "Prerrequisitos": [
            [
                "GEOC2048",
                "GEOC1048L"
            ],
            [
                "GEOC2041",
                "GEOC1057L"
            ],
            []
        ],
        "Correquisitos": [
            [],
            [
                "GEOC3038*"
            ]
        ]
    }
}