{
    "FISI4430": {
        "Nombre": "ELECTRODINAMICA (INGLES)",
        "Creditos": "4",
        "RestriccionSemestre": "No tiene restricciones",
        "RestriccionPrograma": "No tiene restricciones",
        "RestriccionNivel": "No tiene restricciones",
        "Prerrequisitos": [
            [
                "FISI330",
                "FISI3010"
            ],
            [
                "FISI3434",
                "FISI2430"
            ]
        ],
        "Correquisitos": [
            []
        ]
    }
}