{
    "HIST3103": {
        "Nombre": "SEMINARIO DISE\u00d1O DE PROYECTOS",
        "Creditos": "3",
        "RestriccionSemestre": "EXCLUYE 0 1 2 3 4 5",
        "RestriccionPrograma": "No tiene",
        "RestriccionNivel": "SOLO PR",
        "Prerrequisitos": [
            [
                "HIST280",
                "HIST280B",
                "HIST1101"
            ],
            [
                "HIST279",
                "HIST279B",
                "HIST1102"
            ],
            [
                "HIST288",
                "HIST2101"
            ],
            [
                "HIST289",
                "HIST2102"
            ],
            [
                "HIST250",
                "HIST250B",
                "HIST2104B",
                "HIST2104"
            ],
            [
                "HIST247",
                "HIST247B",
                "HIST2103B",
                "HIST2103"
            ]
        ],
        "Correquisitos": [
            [],
            [],
            []
        ]
    }
}