{
    "FISI2405": {
        "Nombre": "MECANICA",
        "Creditos": "3",
        "RestriccionSemestre": "No tiene restricciones",
        "RestriccionPrograma": "No tiene restricciones",
        "RestriccionNivel": "No tiene restricciones",
        "Prerrequisitos": [
            [
                "FISI1038"
            ],
            [
                "MATE2302*"
            ]
        ],
        "Correquisitos": [
            [
                "MATE2301*",
                "MATE126*",
                "MATE140*"
            ]
        ]
    }
}