{
    "EDUC4207": {
        "Nombre": "TESIS 2",
        "Creditos": "6",
        "RestriccionSemestre": "No tiene",
        "RestriccionPrograma": "SOLO M-EDUC",
        "RestriccionNivel": "SOLO MA",
        "Prerrequisitos": [
            [
                "EDUC4017"
            ],
            [
                "EDUC4025"
            ],
            [
                "LENG4999"
            ],
            [
                "EDUC4206"
            ]
        ],
        "Correquisitos": [
            [],
            []
        ]
    }
}