{
    "FISI3000": {
        "Nombre": "PRACTICA DOCENTE FISICA",
        "Creditos": "3",
        "RestriccionSemestre": "EXCLUYE 0 1 2 3 4",
        "RestriccionPrograma": "SOLO FISI",
        "RestriccionNivel": "SOLO PR",
        "Prerrequisitos": [
            [
                "FISI1048"
            ],
            [
                "FISI2405"
            ],
            [
                "FISI2432*"
            ]
        ],
        "Correquisitos": [
            [],
            [
                "FISI2430*"
            ]
        ]
    }
}