{
    "FISI1048": {
        "Nombre": "FISICA MODERNA",
        "Creditos": "3",
        "RestriccionSemestre": "No tiene",
        "RestriccionPrograma": "No tiene",
        "RestriccionNivel": "SOLO PR",
        "Prerrequisitos": [
            [
                "FISI1028",
                "FISI136",
                "FISI1030",
                "FISI135"
            ],
            [
                "MATE1208*"
            ]
        ],
        "Correquisitos": [
            [
                "MATE1207*"
            ]
        ]
    }
}