{
    "FISI2007": {
        "Nombre": "METODOS MATEMATICOS",
        "Creditos": "3",
        "RestriccionSemestre": "No tiene restricciones",
        "RestriccionPrograma": "No tiene restricciones",
        "RestriccionNivel": "No tiene restricciones",
        "Prerrequisitos": [
            [
                "MATE2301",
                "MATE126",
                "MATE140",
                "MATE2302"
            ],
            [
                "FISI1038"
            ]
        ],
        "Correquisitos": [
            []
        ]
    }
}