{
    "FISI1019": {
        "Nombre": "FISICA EXPERIMENTAL I",
        "Creditos": "1",
        "RestriccionSemestre": "No tiene restricciones",
        "RestriccionPrograma": "No tiene restricciones",
        "RestriccionNivel": "No tiene restricciones",
        "Prerrequisitos": [
            [
                "FISI116",
                "FISI116B",
                "FISI1010",
                "FISI1010B",
                "FISI1009",
                "FISI1018B"
            ]
        ],
        "Correquisitos": [
            [
                "FISI1018*"
            ]
        ]
    }
}