{
    "FISI2040": {
        "Nombre": "TERMODINAMICA (INGLES)",
        "Creditos": "3",
        "RestriccionSemestre": "No tiene restricciones",
        "RestriccionPrograma": "No tiene restricciones",
        "RestriccionNivel": "No tiene restricciones",
        "Prerrequisitos": [
            [
                "MATE126",
                "MATE140",
                "MATE2302"
            ],
            [
                "FISI136",
                "FISI1030",
                "FISI1028",
                "FISI135"
            ]
        ],
        "Correquisitos": [
            [
                "MATE2301*"
            ]
        ]
    }
}