{
    "GEOC3050": {
        "Nombre": "SEMINARIO DE GEOCIENCIAS",
        "Creditos": "1",
        "RestriccionSemestre": "No tiene restricciones",
        "RestriccionPrograma": "No tiene restricciones",
        "RestriccionNivel": "No tiene restricciones",
        "Prerrequisitos": [
            [
                "GEOC3028"
            ],
            [
                "GEOC2040"
            ],
            [
                "GEOC3038"
            ]
        ],
        "Correquisitos": [
            []
        ]
    }
}