{
    "EGOB2101": {
        "Nombre": "M\u00c9TOD CUANTI PARA ASUNT PUB I",
        "Creditos": "4",
        "RestriccionSemestre": "No tiene restricciones",
        "RestriccionPrograma": "No tiene restricciones",
        "RestriccionNivel": "No tiene restricciones",
        "Prerrequisitos": [
            [
                "MATE2507",
                "MATE2506",
                "MATE1505"
            ],
            [
                "MATE1506",
                "IIND2106"
            ],
            [
                "IIND2107"
            ]
        ],
        "Correquisitos": [
            []
        ]
    }
}