{
    "GEOC3303": {
        "Nombre": "GEOSTATISTICS  (INGL\u00c9S)",
        "Creditos": "3",
        "RestriccionSemestre": "No tiene restricciones",
        "RestriccionPrograma": "No tiene restricciones",
        "RestriccionNivel": "No tiene restricciones",
        "Prerrequisitos": [
            [
                "IIND2106",
                "MATE2506",
                "FISI2007"
            ]
        ],
        "Correquisitos": [
            [
                "MATE1252*",
                "GEOC3010*"
            ]
        ]
    }
}