{
    "HIST6984": {
        "Nombre": "TUTORIAL DE INV. VI- DHIST",
        "Creditos": "8",
        "RestriccionSemestre": "No tiene",
        "RestriccionPrograma": "SOLO D-HIST",
        "RestriccionNivel": "SOLO DO",
        "Prerrequisitos": [
            [
                "HIST6971"
            ],
            [
                "HIST6972"
            ],
            [
                "HIST6973"
            ],
            [
                "HIST6974"
            ],
            [
                "HIST6983"
            ],
            [
                "HIST6985"
            ],
            [
                "HIST6980"
            ],
            [
                "HIST6981"
            ],
            [
                "HIST6982"
            ],
            [
                "HIST6970"
            ]
        ],
        "Correquisitos": [
            [],
            [],
            [],
            [],
            []
        ]
    }
}