{
    "FISI4040": {
        "Nombre": "MECANICA ESTADISTICA",
        "Creditos": "4",
        "RestriccionSemestre": "No tiene",
        "RestriccionPrograma": "SOLO D-FISI FISI M-CFIS M-FISI",
        "RestriccionNivel": "No tiene",
        "Prerrequisitos": [
            [
                "FISI330",
                "FISI3010"
            ],
            [
                "FISI340",
                "FISI3040"
            ]
        ],
        "Correquisitos": [
            []
        ]
    }
}