{
    "IBIO2250": {
        "Nombre": "FEN\u00d3MENOS DE TRANSPORTE BIOL\u00d3G",
        "Creditos": "3",
        "RestriccionSemestre": "No tiene restricciones",
        "RestriccionPrograma": "No tiene restricciones",
        "RestriccionNivel": "No tiene restricciones",
        "Prerrequisitos": [
            [],
            [
                "IBIO2240",
                "FISI2028",
                "MATE112",
                "MATE1205",
                "MATE120",
                "MATE1206",
                "MATE1214",
                "MATE1215"
            ],
            [
                "MATE2230"
            ],
            [
                "IELE3006"
            ],
            [
                "MEDI1211",
                "IBIO2100",
                "IBIO2102",
                "MEDI1306"
            ],
            [
                "MATE1207",
                "MATE1257",
                "MATE1208"
            ],
            [
                "FISI1028",
                "FISI1022"
            ],
            [
                "MBIO1100"
            ]
        ],
        "Correquisitos": [
            [
                "IBIO2251*"
            ],
            [],
            [],
            []
        ]
    }
}